className,fileName
0_little_round,3sc25bra3gtl
0_little_round,3sc25bra3gtr
0_little_round,3segsrms9ogl
0_little_round,3segsrms9ogr
0_little_round,3v5e7m5nn5tl
0_little_round,3v5e7m5nn5tr
0_little_round,3v663xq15vkl
0_little_round,3v663xq15vkr
0_little_round,3xypzx7s4xsl
0_little_round,3xypzx7s4xsr
0_little_round,4btlb1s864rr
0_little_round,4ehv6tfkx70l
0_little_round,4ehv6tfkx70r
0_little_round,4ei99uzmex4l
0_little_round,4ei99uzmex4r
0_little_round,4ein33lz1ftl
0_little_round,4ein33lz1ftr
0_little_round,4ekznicuj9el
0_little_round,4ekznicuj9er
0_little_round,4elg7e91bt1l
0_little_round,4elg7e91bt1r
0_little_round,4vxnyrrcd4asxsl
0_little_round,4vxnyrrcd4asxsr
0_little_round,4vxnysxnkpgkjtl
0_little_round,4vxnysxnkpgkjtr
0_little_round,4vxnytbesckxdxl
0_little_round,4vxnytbesckxdxr
0_little_round,4vxnytrqv6b8xtl
0_little_round,4vxnytrqv6b8xtr
0_little_round,4vxo1icyzq5tzil
0_little_round,4vxo1icyzq5tzir
0_little_round,4vxo1j4v88kz62l
0_little_round,4vxo1j4v88kz62r
0_little_round,4vxo1l5pf7cxdxl
0_little_round,4vxo1l5pf7cxdxr
0_little_round,4vxo71j57pm613l
0_little_round,4vxo71j57pm613r
0_little_round,4vxo71x4g7nojzl
0_little_round,4vxo71x4g7nojzr
0_little_round,4vxo72diby1qtdl
0_little_round,4vxo72diby1qtdr
0_little_round,4vxo9tadf1vkefl
0_little_round,4vxo9tadf1vkefr
0_little_round,4vxo9ugsm38u12l
0_little_round,4vxo9ugsm38u12r
0_little_round,4vxo9uv3jhtse9l
0_little_round,4vxo9uv3jhtse9r
0_little_round,4vxo9wheufmtjal
0_little_round,4vxo9wheufmtjar
0_little_round,4vxoclga9yilfnl
0_little_round,4vxoclga9yilfnr
0_little_round,4vxoclux73ct8pl
0_little_round,4vxoclux73ct8pr
0_little_round,4vxocmbd1bnpxol
0_little_round,4vxocmbd1bnpxor
0_little_round,4vxocn0mmkb94wl
0_little_round,4vxocn0mmkb94wr
0_little_round,4vxoi501yvnfutl
0_little_round,4vxoi501yvnfutr
0_little_round,4vxoi503xn0cucl
0_little_round,4vxoi503xn0cucr
0_little_round,4vxoi530wfek1xl
0_little_round,4vxoi530wfek1xr
0_little_round,4vxoi7f37oizgll
0_little_round,4vxoi7f37oizglr
0_little_round,4vxokyc64f9beol
0_little_round,4vxokyc64f9beor
0_little_round,4vxokzwqfn62o1l
0_little_round,4vxokzwqfn62o1r
0_little_round,4vxonoy2lmbd3el
0_little_round,4vxonoy2lmbd3er
0_little_round,4vxonpc9m2jsp3l
0_little_round,4vxonpc9m2jsp3r
0_little_round,4vxonqiayidqm8l
0_little_round,4vxonqiayidqm8r
0_little_round,4vy7oa1k2bwqh1l
0_little_round,4vy7oa1k2bwqh1r
0_little_round,4vy7oatcfjrdojl
0_little_round,4vy7oatcfjrdojr
0_little_round,4vy7r091m45rf0l
0_little_round,4vy7r091m45rf0r
0_little_round,4vy7r1t44eearzl
0_little_round,4vy7r1t63pox6rl
0_little_round,4vy7r1t63pox6rr
0_little_round,4vy7r3rjiu2c5rl
0_little_round,4vy7r3rjiu2c5rr
0_little_round,4vy7wlfodelyj2l
0_little_round,4vy7wlfodelyj2r
0_little_round,4vy7zedlhxksg2l
0_little_round,4vy7zedlhxksg2r
0_little_round,4vy823tgkrjm6dl
0_little_round,4vy823tgkrjm6dr
0_little_round,4vy825awcgf6kql
0_little_round,4vy825awcgf6kqr
0_little_round,4vy826v0s46qyql
0_little_round,4vy826v0s46qyqr
0_little_round,4vy87o2lrvzoxvl
0_little_round,4vy87o2lrvzoxvr
0_little_round,4vy8d9mzs7jnd4l
0_little_round,4vy8d9mzs7jnd4r
0_little_round,4vy8da1cnjfw92l
0_little_round,4vy8da1cnjfw92r
0_little_round,4vyrdr5oj4981ul
0_little_round,4vyrglq8v9vnrjl
0_little_round,4vyrglq8v9vnrjr
0_little_round,4vyrjbye4k4z5tl
0_little_round,4vyrjbye4k4z5tr
0_little_round,4vyrounkq2e70jl
0_little_round,4vyrounkq2e70jr
0_little_round,4vyroupxmm3vgrl
0_little_round,4vyroupxmm3vgrr
0_little_round,4vyrov1a16vwg4l
0_little_round,4vyrov1a16vwg4r
0_little_round,4vyrrnla0eskjkr
0_little_round,4vyrrod4b03gn8l
0_little_round,4vyrrod4b03gn8r
0_little_round,4vyrx77clgwao0l
0_little_round,4vyrx77clgwao0r
0_little_round,4vys2pz3wbq70ll
0_little_round,4vys2pz3wbq70lr
0_little_round,4vys2rv4jmfif6l
0_little_round,4vys2rv4jmfif6r
0_little_round,4vzb3ckb0plxj4l
0_little_round,4vzb3ckb0plxj4r
0_little_round,4vzb617s231y4tl
0_little_round,4vzb617s231y4tr
0_little_round,4vzb8te0t40lc4l
0_little_round,4vzb8te0t40lc4r
0_little_round,4vzb8uxlm28jyal
0_little_round,4vzb8uxlm28jyar
0_little_round,4vzbbku8dl9537l
0_little_round,4vzbbku8dl9537r
0_little_round,4vzbeczzgdrldsl
0_little_round,4vzbeczzgdrldsr
0_little_round,4vzbeehqzravwhl
0_little_round,4vzbeehqzravwhr
0_little_round,4vzbph9u9b0a9vl
0_little_round,4vzbph9u9b0a9vr
0_little_round,4vzbpicypq24n5l
0_little_round,4vzbpicypq24n5r
0_little_round,4vzuvkcylytkaul
0_little_round,4vzuvkcylytkaur
0_little_round,4vzuvkob09f0n4r
0_little_round,4vzuvl20bx6ltvl
0_little_round,4vzuvl20bx6ltvr
0_little_round,4vzuye0bas385fl
0_little_round,4vzuye0bas385fr
0_little_round,4vzv3vzwjmpnggl
0_little_round,4vzv3vzwjmpnggr
0_little_round,4vzv3wundrcc25l
0_little_round,4vzv3wundrcc25r
0_little_round,4vzv3x5zwhoem9l
0_little_round,4vzv3x5zwhoem9r
0_little_round,4vzv6o8e7hmeq5l
0_little_round,4vzv6o8e7hmeq5r
0_little_round,4vzvc5u4851erzl
0_little_round,4vzvc5u4851erzr
0_little_round,4vzvc8hx5m0wzml
0_little_round,4vzvc8hx5m0wzmr
0_little_round,4vzvhsfg12oetnl
0_little_round,4vzvhsfg12oetnr
0_little_round,4w0ei9p95iq804l
0_little_round,4w0ei9p95iq804r
0_little_round,4w0eibn0y2y2vgl
0_little_round,4w0eibn0y2y2vgr
0_little_round,4w0eid4goo2682l
0_little_round,4w0eid4goo2682r
0_little_round,4w0el1shfsuiv5l
0_little_round,4w0el1shfsuiv5r
0_little_round,4w0el44i5wg7wvl
0_little_round,4w0el44i5wg7wvr
0_little_round,4w0enwaoxck3yal
0_little_round,4w0enwaoxck3yar
0_little_round,4w0ew61s4tfs3kl
0_little_round,4w0ew61s4tfs3kr
0_little_round,4w0ew6g55yl8nal
0_little_round,4w0ew6g55yl8nar
0_little_round,4w0f1p7knh28zwl
0_little_round,4w0f1p7knh28zwr
0_little_round,4w0f4ftj4jfjsyl
0_little_round,4w0f4ftj4jfjsyr
0_little_round,4w0f4j0iyhd890l
0_little_round,4w0f4j0iyhd890r
0_little_round,4w0f7824nyh1q8l
0_little_round,4w0f7824nyh1q8r
0_little_round,4w0f79xll7vsb3l
0_little_round,4w0f79xll7vsb3r
0_little_round,4w0yak2z05h4p1l
0_little_round,4w0yak2z05h4p1r
0_little_round,4w0yan6xz6im82l
0_little_round,4w0yan6xz6im82r
0_little_round,4w0ydbgjtqp4wal
0_little_round,4w0ydbgjtqp4war
0_little_round,4w0ydc8c8wwdfol
0_little_round,4w0ydc8c8wwdfor
0_little_round,4w0yg6cmkwdo90l
0_little_round,4w0yg6cmkwdo90r
0_little_round,4w0yive8nosdfyl
0_little_round,4w0yive8nosdfyr
0_little_round,4w0yloc9ufxfybl
0_little_round,4w0yloc9ufxfybr
0_little_round,4w0yr8a6fisf0il
0_little_round,4w0yr8a6fisf0ir
0_little_round,4w0yr94lkptqmfl
0_little_round,4w0yr94lkptqmfr
0_little_round,4w0yr9g3vtghl3l
0_little_round,4w0yr9g3vtghl3r
0_little_round,4w0ywpvkmtc7i9l
0_little_round,4w0ywpvkmtc7i9r
0_little_round,4w1hxayy6u0xl2l
0_little_round,4w1hxayy6u0xl2r
0_little_round,4w1hxdp219vdafl
0_little_round,4w1hxdp219vdafr
0_little_round,4w1i04dl74ep6pl
0_little_round,4w1i04dl74ep6pr
0_little_round,4w1i2uwwv3y4gbl
0_little_round,4w1i2uwwv3y4gbr
0_little_round,4w1i5p0tf8x5ajl
0_little_round,4w1i5p0tf8x5ajr
0_little_round,4w1i8fmrwb67eol
0_little_round,4w1i8fmrwb67eor
0_little_round,4w1i8gem6wscubl
0_little_round,4w1i8gem6wscubr
0_little_round,4w1ib89alv7catl
0_little_round,4w1ib89alv7catr
0_little_round,4w1ib8kr1t92bll
0_little_round,4w1ib8kr1t92blr
0_little_round,4w1ie0ezn50op4l
0_little_round,4w1ie0ezn50op4r
0_little_round,4w1igom4s2z6yxl
0_little_round,4w1igom4s2z6yxr
0_little_round,4w1igozxzbi1osl
0_little_round,4w1igozxzbi1osr
0_little_round,4w1igps81lneo2l
0_little_round,4w1igps81lneo2r
0_little_round,4w1igq6qw8brbel
0_little_round,4w1igq6qw8brber
0_little_round,4w1igs46t801z6l
0_little_round,4w1igs46t801z6r
0_little_round,4w1im8mi7rqkg7l
0_little_round,4w1im8mi7rqkg7r
0_little_round,4w1im8mijz8qofl
0_little_round,4w1im8mijz8qofr
0_little_round,4w21msv4w0lslcl
0_little_round,4w21msv4w0lslcr
0_little_round,4w21mt9hrlo4xsl
0_little_round,4w21mt9hrlo4xsr
0_little_round,4w21mt9pok5yiul
0_little_round,4w21mt9pok5yiur
0_little_round,4w21pnrfjk52x6l
0_little_round,4w21pnrfjk52x6r
0_little_round,4w21schl7s4q2zl
0_little_round,4w21schl7s4q2zr
0_little_round,4w21sfjd9kv1tvl
0_little_round,4w21sfjd9kv1tvr
0_little_round,4w21v4zg936hokl
0_little_round,4w21v4zg936hokr
0_little_round,4w21v6zosnk5xil
0_little_round,4w21v6zosnk5xir
0_little_round,4w223gof80uubrl
0_little_round,4w223gof80uubrr
0_little_round,4w223h2u3hfjswl
0_little_round,4w223h2u3hfjswr
0_little_round,4w223hjfw6cqo2r
0_little_round,4w2266yv8fe1vql
0_little_round,4w2266yv8fe1vqr
0_little_round,4w228zgcg8tgckl
0_little_round,4w228zgcg8tgckr
0_little_round,4w2290mhq6fh8hl
0_little_round,4w2290mhq6fh8hr
0_little_round,4w22926i7rjjeql
0_little_round,4w22926i7rjjeqr
0_little_round,5bhptcsvazyozrl
0_little_round,5bhptcsvazyozrr
0_little_round,5bhptedlebdhxjl
0_little_round,5bhptedlebdhxjr
0_little_round,5bhpw659ciy03ol
0_little_round,5bhpw659ciy03or
0_little_round,5bhpw7drke4vt3l
0_little_round,5bhpw7drke4vt3r
0_little_round,5bhpywcyr27i0yl
0_little_round,5bhpywcyr27i0yr
0_little_round,5bhpyx52zkkl54l
0_little_round,5bhpyx52zkkl54r
0_little_round,5bhq1oipt13uodl
0_little_round,5bhq1oipt13uodr
0_little_round,5bhq4f4gb752ivl
0_little_round,5bhq4f4gb752ivr
0_little_round,5bhq4h2hwf979el
0_little_round,5bhq4h2hwf979er
0_little_round,5bhq4hgqxkklxcl
0_little_round,5bhq4hgqxkklxcr
0_little_round,5bhq782v7u5wxzl
0_little_round,5bhq782v7u5wxzr
0_little_round,5bhqa0mncw0feul
0_little_round,5bhqa0mncw0feur
0_little_round,5bhqcqu0xitkhyl
0_little_round,5bhqcqu0xitkhyr
0_little_round,5bhqfimak8fj0vl
0_little_round,5bhqfimak8fj0vr
0_little_round,5bhqfkkk42ffnvl
0_little_round,5bhqfkkk42ffnvr
0_little_round,5bhqibn0c5ww76l
0_little_round,5bhqibn0c5ww76r
0_little_round,5bhqid4a7vaex3l
0_little_round,5bhqid4a7vaex3r
0_little_round,5bhqidibb8f4edl
0_little_round,5bhqidibb8f4edr
0_little_round,5bi9lo1pu2vx1hl
0_little_round,5bi9lo1pu2vx1hr
0_little_round,5bi9wqcp4dm39ll
0_little_round,5bi9wqcp4dm39lr
0_little_round,5bi9zhcqnk5q84l
0_little_round,5bi9zhcqnk5q84r
0_little_round,5bia53bbnrnpxhl
0_little_round,5bia53bbnrnpxhr
0_little_round,5bia7venu62ygzl
0_little_round,5bia7venu62ygzr
0_little_round,5bitdxpejso0eel
0_little_round,5bitdxpejso0eer
0_little_round,5bitdyvdufdrlul
0_little_round,5bitdyvdufdrlur
0_little_round,5bitgophz84lj5l
0_little_round,5bitgophz84lj5r
0_little_round,5bitgr3zhq6uptl
0_little_round,5bitgr3zhq6uptr
0_little_round,5bitjhn1crvp52l
0_little_round,5bitjhn1crvp52r
0_little_round,5bitjiflar4zrbl
0_little_round,5bitjiflar4zrbr
0_little_round,5bitm9t46pb6rql
0_little_round,5bitm9t46pb6rqr
0_little_round,5bitm9tg2jvmrql
0_little_round,5bitm9tg2jvmrqr
0_little_round,5bitrr0p8fyy9yl
0_little_round,5bitrr0p8fyy9yr
0_little_round,5bitrrspgykt8kl
0_little_round,5bitrrspgykt8kr
0_little_round,5bitrtd7n1p7nll
0_little_round,5bitrtd7n1p7nlr
0_little_round,5bitrtdbm7euixl
0_little_round,5bitrtdbm7euixr
0_little_round,5bitrtdbnvm9zal
0_little_round,5bitrtdbnvm9zar
0_little_round,5bitukth731wjvl
0_little_round,5bitukth731wjvr
0_little_round,5bitxcis90gumal
0_little_round,5bitxcis90gumar
0_little_round,5bitxczm0c3aixl
0_little_round,5bitxczm0c3aixr
0_little_round,5bitxdaippdkaul
0_little_round,5bitxdaippdkaur
0_little_round,5bjcxv9tbizx1nl
0_little_round,5bjcxv9tbizx1nr
0_little_round,5bjd3grwcxta0zl
0_little_round,5bjd3grwcxta0zr
0_little_round,5bjd69c0dan1fzl
0_little_round,5bjd69c0dan1fzr
0_little_round,5bjd69emz5yih3l
0_little_round,5bjd69emz5yih3r
0_little_round,5bjd916cx86fprl
0_little_round,5bjd916cx86fprr
0_little_round,5bjdehj51de8e8l
0_little_round,5bjdehj51de8e8r
0_little_round,5bjdeipq39yi9zl
0_little_round,5bjdeipq39yi9zr
0_little_round,5bjdk3syj7d3ihl
0_little_round,5bjdk3syj7d3ihr
0_little_round,5bjdk3tab5z0unl
0_little_round,5bjdk3tab5z0unr
0_little_round,5bjdmwcumbcttwl
0_little_round,5bjdmwcumbcttwr
0_little_round,5bjwneqo31pxxgl
0_little_round,5bjwneqo31pxxgr
0_little_round,5bjwnfw3rj29kwl
0_little_round,5bjwnfw3rj29kwr
0_little_round,5bjwq5epgsidq9l
0_little_round,5bjwq5epgsidq9r
0_little_round,5bjwq6ylxjo0svl
0_little_round,5bjwq6ylxjo0svr
0_little_round,5bjwswpxg21pfol
0_little_round,5bjwswpxg21pfor
0_little_round,5bjx19ltbciqypl
0_little_round,5bjx19ltbciqypr
0_little_round,5bjx40zzsw48w6l
0_little_round,5bjx40zzsw48w6r
0_little_round,5bjx6v3mhm78cll
0_little_round,5bjx6v3mhm78clr
0_little_round,5bjx9mju0ys4cgl
0_little_round,5bjx9mju0ys4cgr
0_little_round,5bkgcyn94psponl
0_little_round,5bkgcyn94psponr
0_little_round,5bkgcyyfnb2rk8l
0_little_round,5bkgcyyfnb2rk8r
0_little_round,5bkgfosfr9v30ql
0_little_round,5bkgfosfr9v30qr
0_little_round,5bkgig6q7zpte7l
0_little_round,5bkgig6q7zpte7r
0_little_round,5bkgiht3jmki68l
0_little_round,5bkgiht3jmki68r
0_little_round,5bkgii752iy96ql
0_little_round,5bkgii752iy96qr
0_little_round,5bkgl7mlxzmjgil
0_little_round,5bkgl7mlxzmjgir
0_little_round,5bkgl945ngw6x3l
0_little_round,5bkgl945ngw6x3r
0_little_round,5bkgnzpy61sdtzl
0_little_round,5bkgnzpy61sdtzr
0_little_round,5bkgqrkcqem6mal
0_little_round,5bkgqrkcqem6mar
0_little_round,5bkgqsa04bfjezl
0_little_round,5bkgqsa04bfjezr
0_little_round,5bkgqt2g4t6ntal
0_little_round,5bkgqt2g4t6ntar
0_little_round,5bkgtjnuwy4xzel
0_little_round,5bkgtjnuwy4xzer
0_little_round,5bkgwddu8qyadil
0_little_round,5bkgwddu8qyadir
0_little_round,5bkgz1ne2wgvszl
0_little_round,5bkgz1ne2wgvszr
0_little_round,5bkgz3o6d1ugwcl
0_little_round,5bkgz3o6d1ugwcr
0_little_round,5bl02gguztvmkml
0_little_round,5bl02gguztvmkmr
0_little_round,5bl057h6dlyxhpl
0_little_round,5bl057h6dlyxhpr
0_little_round,5bl080vjgisv7kl
0_little_round,5bl080vjgisv7kr
0_little_round,5bl0dhaoezqqywl
0_little_round,5bl0dhaoezqqywr
0_little_round,5bl0dishzm56a2l
0_little_round,5bl0dishzm56a2r
0_little_round,5bl0gak7ucm9s1l
0_little_round,5bl0gak7ucm9s1r
0_little_round,5bl0j0e44pgttsl
0_little_round,5bl0j0e44pgttsr
0_little_round,5bl0j0gsrjwb9dl
0_little_round,5bl0j0gsrjwb9dr
0_little_round,5bl0ls5vwsyrk4l
0_little_round,5bl0ls5vwsyrk4r
0_little_round,5bl0luvzrilr0vl
0_little_round,5bl0luvzrilr0vr
0_little_round,5bl0luwdjcg4cml
0_little_round,5bl0luwdjcg4cmr
0_little_round,5bljrweq5ut8g0l
0_little_round,5bljrweq5ut8g0r
0_little_round,5bljrwf1zrglj7l
0_little_round,5bljrwf1zrglj7r
0_little_round,5bljurb0uinhmpl
0_little_round,5bljurb0uinhmpr
0_little_round,5bljxgqlz4sgsrl
0_little_round,5bljxgqlz4sgsrr
0_little_round,5bljxh7pllwe8cl
0_little_round,5bljxh7pllwe8cr
0_little_round,5blk07t4appu69l
0_little_round,5blk07t4appu69r
0_little_round,5blk09atye1kasl
0_little_round,5blk09atye1kasr
0_little_round,5blk0auybj1ypvl
0_little_round,5blk0auybj1ypvr
0_little_round,5blk30adluekg5l
0_little_round,5blk30adluekg5r
0_little_round,5blk30cydokd8rl
0_little_round,5blk30cydokd8rr
0_little_round,5blk5s2jd98w02l
0_little_round,5blk5s2jd98w02r
0_little_round,5blk5tmxp6eyh1l
0_little_round,5blk5tmxp6eyh1r
0_little_round,5blk5u37lgzkeal
0_little_round,5blk5u37lgzkear
0_little_round,5blkbax1dbzt35l
0_little_round,5blkbax1dbzt35r
0_little_round,5blkgv8jflxqmal
0_little_round,5blkgv8jflxqmar
0_little_round,5blkgx446hy1ahl
0_little_round,5blkgx446hy1ahr
0_little_round,5blkgxi3b3snwil
0_little_round,5blkgxi3b3snwir
0_little_round,5blkgxil1tr4lfl
0_little_round,5blkgxil1tr4lfr
0_little_round,5bm3heayru0cg2l
0_little_round,5bm3heayru0cg2r
0_little_round,5bm3k79bp64lqcl
0_little_round,5bm3k79bp64lqcr
0_little_round,5bm3k79njd5mh6l
0_little_round,5bm3k79njd5mh6r
0_little_round,5bm3k8tab2cft2l
0_little_round,5bm3k8tab2cft2r
0_little_round,5bm3k9leff5errl
0_little_round,5bm3k9leff5errr
0_little_round,5bm3mzfelmbdokl
0_little_round,5bm3mzfelmbdokr
0_little_round,5bm3n078x1jnykl
0_little_round,5bm3n078x1jnykr
0_little_round,5bm40ti9qiuvb9l
0_little_round,5bm40ti9qiuvb9r
0_little_round,5bm43lafevqux1l
0_little_round,5bm43lafevqux1r
0_little_round,5bm43ld80cdn2el
0_little_round,5bm43ld80cdn2er
0_little_round,5bm43lo4mdx1xcl
0_little_round,5bm43lo4mdx1xcr
0_little_round,5bm43loqbg37k3l
0_little_round,5bm43loqbg37k3r
0_little_round,5bm43munq396a1l
0_little_round,5bm43munq396a1r
0_little_round,5bm43o3a92eyvil
0_little_round,5bm43o3a92eyvir
0_little_round,5bm46cofzlzqx7l
0_little_round,5bm46cofzlzqx7r
0_little_round,5bm46fe7y742knl
0_little_round,5bm46fe7y742knr
0_little_round,5bm46febzl5w5gl
0_little_round,5bm46febzl5w5gr
0_little_round,5bmnchb3fw7hmzl
0_little_round,5bmnchb3fw7hmzr
0_little_round,5bmnkrgvh16eitl
0_little_round,5bmnkrgvh16eitr
0_little_round,5bmnkt0xy7axhcl
0_little_round,5bmnkt0xy7axhcr
0_little_round,5bmnktvosvk6pvl
0_little_round,5bmnktvosvk6pvr
0_little_round,5bmnt6b6spjzlsl
0_little_round,5bmnt6b6spjzlsr
0_little_round,5fdv7dwm4j5sefl
0_little_round,5fdv7dwm4j5sefr
0_little_round,5fdvcyyd9igb2hl
0_little_round,5fdvcyyd9igb2hr
0_little_round,5fdvo0v9i9dds6l
0_little_round,5fdvo0v9i9dds6r
0_little_round,5fdvo2i0os0r9gl
0_little_round,5fdvo2i0os0r9gr
0_little_round,5fdvo2i6lvlc0dl
0_little_round,5fdvo2i6lvlc0dr
0_little_round,5fdvqt1ad6ba4hl
0_little_round,5fdvqt1ad6ba4hr
0_little_round,5fdvqt1o6nxnnol
0_little_round,5fdvqt1o6nxnnor
1_triangle,3scgcdbtibwr
1_triangle,3sdapg5vqwxl
1_triangle,3sdapg5vqwxr
1_triangle,4bsi0foktn0l
1_triangle,4bsi0foktn0r
1_triangle,4ej186fe0oxl
1_triangle,4ej186fe0oxr
1_triangle,4vxo4d99ki8ikjl
1_triangle,4vxo4d99ki8ikjr
1_triangle,4vxo732pyfox70l
1_triangle,4vxo732pyfox70r
1_triangle,4vxo9u2lhh6gw8l
1_triangle,4vxo9u2lhh6gw8r
1_triangle,4vxo9weq7urhmvl
1_triangle,4vxo9weq7urhmvr
1_triangle,4vxocnehtxqux2l
1_triangle,4vxocnehtxqux2r
1_triangle,4vy8ahsf7zj47gl
1_triangle,4vy8ahsf7zj47gr
1_triangle,4vy8d78i781zi9l
1_triangle,4vy8d78i781zi9r
1_triangle,4vyrgk3pmtbqxbl
1_triangle,4vyrgk3pmtbqxbr
1_triangle,4vyrgki0lm35z5l
1_triangle,4vyrgki0lm35z5r
1_triangle,4vyrowzblkg8wbl
1_triangle,4vyrowzblkg8wbr
1_triangle,4vyrrlncd93k7al
1_triangle,4vyrrlncd93k7ar
1_triangle,4vyrx5za50rbbel
1_triangle,4vyrx5za50rbber
1_triangle,4vyrx8p63vqpkxl
1_triangle,4vyrx8p63vqpkxr
1_triangle,4vys2qopbhhvycl
1_triangle,4vys2qopbhhvycr
1_triangle,4vzbec5idtcsg6l
1_triangle,4vzbec5idtcsg6r
1_triangle,4vzbh5hilufvnml
1_triangle,4vzbh5hilufvnmr
1_triangle,4vzusrq40u8zd3l
1_triangle,4vzusrq40u8zd3r
1_triangle,4vzuycinll4sg8l
1_triangle,4vzuycinll4sg8r
1_triangle,4vzv6pprxnbxmsl
1_triangle,4vzv6pprxnbxmsr
1_triangle,4w0el2kbpubvgrl
1_triangle,4w0el2kbpubvgrr
1_triangle,4w0enty2igkttzl
1_triangle,4w0enty2igkttzr
1_triangle,4w0eqnodoq6adhl
1_triangle,4w0eqnodoq6adhr
1_triangle,4w0f1ofejt8dmtl
1_triangle,4w0f1ofejt8dmtr
1_triangle,4w0f77lkuu7o5ll
1_triangle,4w0f77lkuu7o5lr
1_triangle,4w0yg4sk4jlhj9l
1_triangle,4w0yg4sk4jlhj9r
1_triangle,4w0yu0tuly026bl
1_triangle,4w0yu0tuly026br
1_triangle,4w1hxbcvdiivppl
1_triangle,4w1hxbcvdiivppr
1_triangle,4w1hxdayylk8b2l
1_triangle,4w1hxdayylk8b2r
1_triangle,4w1i053gglp1qdl
1_triangle,4w1i053gglp1qdr
1_triangle,4w1i5njllc9ts0l
1_triangle,4w1i5njllc9ts0r
1_triangle,4w1igpeayj08w3l
1_triangle,4w1igpeayj08w3r
1_triangle,4w21xxx3mcmdxll
1_triangle,4w21xxx3mcmdxlr
1_triangle,4w220q5fac18ngl
1_triangle,4w220q5fac18ngr
1_triangle,4w223huigf0zk2l
1_triangle,4w223huigf0zk2r
1_triangle,5bhpw7b0tsml8ul
1_triangle,5bhpw7b0tsml8ur
1_triangle,5bhq4fidhvipz7l
1_triangle,5bhq4fidhvipz7r
1_triangle,5bhqct6ld3ffggl
1_triangle,5bhqct6ld3ffggr
1_triangle,5bi9ix1oddxczyl
1_triangle,5bi9ix1oddxczyr
1_triangle,5bi9ixtgoec1dwl
1_triangle,5bi9ixtgoec1dwr
1_triangle,5bi9lm5n9okbuwl
1_triangle,5bi9lm5n9okbuwr
1_triangle,5bi9oebk7deiv9l
1_triangle,5bi9oebk7deiv9r
1_triangle,5bi9ohdk5knkeil
1_triangle,5bi9ohdk5knkeir
1_triangle,5bi9zk2wiofb46l
1_triangle,5bi9zk2wiofb46r
1_triangle,5bia7sa74et2ptl
1_triangle,5bia7sa74et2ptr
1_triangle,5bit8fpx9a0y69l
1_triangle,5bit8fpx9a0y69r
1_triangle,5bitb5jnh9sjk4l
1_triangle,5bitb5jnh9sjk4r
1_triangle,5bitm8byo1phqgl
1_triangle,5bitm8byo1phqgr
1_triangle,5bjcxygyoeuhhfl
1_triangle,5bjcxygyoeuhhfr
1_triangle,5bjd0nu72bb2fal
1_triangle,5bjd0nu72bb2far
1_triangle,5bjd8yua7jlp8gl
1_triangle,5bjd8yua7jlp8gr
1_triangle,5bjdbpr38ujriel
1_triangle,5bjdbpr38ujrier
1_triangle,5bjdk33mwpc8i3l
1_triangle,5bjdk33mwpc8i3r
1_triangle,5bjwsya5vpdipvl
1_triangle,5bjwsya5vpdipvr
1_triangle,5bjwsyabrf1lhol
1_triangle,5bjwsyabrf1lhor
1_triangle,5bjwyhttgqr5z8l
1_triangle,5bjwyhttgqr5z8r
1_triangle,5bjx41rm7wzi0wl
1_triangle,5bjx41rm7wzi0wr
1_triangle,5bjx42xhn8z2f8l
1_triangle,5bjx42xhn8z2f8r
1_triangle,5bjx6sd4vwdds5l
1_triangle,5bjx6sd4vwdds5r
1_triangle,5bjx9ls9lsr95al
1_triangle,5bjx9ls9lsr95ar
1_triangle,5bkgcvgrb7rxtul
1_triangle,5bkgcvgrb7rxtur
1_triangle,5bkgcw8pmn44jyl
1_triangle,5bkgcw8pmn44jyr
1_triangle,5bkgcxvf44h9frl
1_triangle,5bkgcxvf44h9frr
1_triangle,5bkgif0izktbszl
1_triangle,5bkgif0izktbszr
1_triangle,5bkgo0whb53w8xl
1_triangle,5bkgo0whb53w8xr
1_triangle,5bkgz4rsvabrbbl
1_triangle,5bkgz4rsvabrbbr
1_triangle,5bl0dhmeptn0uel
1_triangle,5bl0dhmeptn0uer
1_triangle,5bl0j2bzskc1l1l
1_triangle,5bl0j2bzskc1l1r
1_triangle,5bl0lskau7hxj4l
1_triangle,5bl0lskau7hxj4r
1_triangle,5bl0rbpfp1o5c6l
1_triangle,5bl0rbpfp1o5c6r
1_triangle,5bl0re1sa5ztokl
1_triangle,5bl0re1sa5ztokr
1_triangle,5blk09rfq91fcyl
1_triangle,5blk09rfq91fcyr
1_triangle,5blk5rocb5e7epl
1_triangle,5blk5rocb5e7epr
1_triangle,5blk5u3bjsxeywl
1_triangle,5blk5u3bjsxeywr
1_triangle,5blke2luoj7uh6l
1_triangle,5blke2luoj7uh6r
1_triangle,5blke2lypxcg7gl
1_triangle,5blke2lypxcg7gr
1_triangle,5blke48jxosxl1l
1_triangle,5blke48jxosxl1r
1_triangle,5blkgx4g3qvzm7l
1_triangle,5blkgx4g3qvzm7r
1_triangle,5bm3my9b8ri874l
1_triangle,5bm3my9b8ri874r
1_triangle,5bm3myn2kaz7ybl
1_triangle,5bm3myn2kaz7ybr
1_triangle,5bm3pqf2buqzutl
1_triangle,5bm3pqf2buqzutr
1_triangle,5bm3v9nbke9repl
1_triangle,5bm3v9nbke9repr
1_triangle,5bm3vacj4ycjdal
1_triangle,5bm3vacj4ycjdar
1_triangle,5bm3y26zqafz0pl
1_triangle,5bm3y26zqafz0pr
1_triangle,5bm46fsizrhjbhl
1_triangle,5bm46fsizrhjbhr
1_triangle,5bmn9oda81ofsyl
1_triangle,5bmn9oda81ofsyr
1_triangle,5bmnfb1aphkb2cl
1_triangle,5bmnfb1aphkb2cr
1_triangle,5bmnt2skwtnxtxl
1_triangle,5bmnt2skwtnxtxr
1_triangle,5fdva6s6iwgtfpl
1_triangle,5fdva6s6iwgtfpr
1_triangle,5fdvlbfq92kirxl
1_triangle,5fdvlbfq92kirxr
2_none,4bt7lujqdqgr
2_none,4ek77kxft3dl
2_none,4ek77kxft3dr
2_none,4ekzbp027exl
2_none,4ekzbp027exr
2_none,4vxnyqz0bt2t59l
2_none,4vxnyqz0bt2t59r
2_none,4vxnys7sao5m9ul
2_none,4vxnys7sao5m9ur
2_none,4vxo1icwzlhgcnl
2_none,4vxo1icwzlhgcnr
2_none,4vxo49tgd4gsn5l
2_none,4vxo49tgd4gsn5r
2_none,4vxo4bas7vcdtul
2_none,4vxo4bas7vcdtur
2_none,4vxo4cjq4nj40bl
2_none,4vxo4cjq4nj40br
2_none,4vxo73xqo9mlmul
2_none,4vxo73xqo9mlmur
2_none,4vxo749911b4svl
2_none,4vxo749911b4svr
2_none,4vxo9v8kvp8ohtl
2_none,4vxo9v8kvp8ohtr
2_none,4vxofeejbq6ww2l
2_none,4vxofeejbq6ww2r
2_none,4vxofesggh03yel
2_none,4vxofesggh03yer
2_none,4vxofev1jyq77wl
2_none,4vxofev1jyq77wr
2_none,4vxoff9a6oed53l
2_none,4vxoff9a6oed53r
2_none,4vxoi5e5381te3l
2_none,4vxoi5e5381te3r
2_none,4vxoi6yjccnzt9l
2_none,4vxoi6yjccnzt9r
2_none,4vxoi84cs3zshzl
2_none,4vxoi84cs3zshzr
2_none,4vxoi87dcqogsrl
2_none,4vxoi87dcqogsrr
2_none,4vy7r11bqcjim8l
2_none,4vy7r11bqcjim8r
2_none,4vy7tvj5fi8gshl
2_none,4vy7tvj5fi8gshr
2_none,4vy7wk9wtwxudpl
2_none,4vy7wk9wtwxudpr
2_none,4vy7zcr0c4bc3ql
2_none,4vy7zcr0c4bc3qr
2_none,4vy7zeb4slf9jal
2_none,4vy7zeb4slf9jar
2_none,4vy84wot30bnczl
2_none,4vy84wot30bnczr
2_none,4vy84x2m9ov9xil
2_none,4vy84x2m9ov9xir
2_none,4vyrdr5oj4981ur
2_none,4vyrdrjftt6br9l
2_none,4vyrdrjftt6br9r
2_none,4vyrdu9vg7iihal
2_none,4vyrdu9vg7iihar
2_none,4vyrjabj12y03ll
2_none,4vyrjabj12y03lr
2_none,4vyrm39a7on94yl
2_none,4vyrm39a7on94yr
2_none,4vyrm43tao6yv6l
2_none,4vyrm43tao6yv6r
2_none,4vyrm4413guww1l
2_none,4vyrm4413guww1r
2_none,4vyrm59wxspbm3l
2_none,4vyrm59wxspbm3r
2_none,4vyrrna1hytqf7l
2_none,4vyrrna1hytqf7r
2_none,4vyrufrgrlayo0l
2_none,4vyrufrgrlayo0r
2_none,4vyrx6r2hoo3yel
2_none,4vyrx6r2hoo3yer
2_none,4vyrx74vp6wpanl
2_none,4vyrx74vp6wpanr
2_none,4vyrzy4va6dy4pl
2_none,4vyrzy4va6dy4pr
2_none,4vys00h7tmnsi7l
2_none,4vys00h7tmnsi7r
2_none,4vys2p4czzyvpgl
2_none,4vys2p4czzyvpgr
2_none,4vzb61lp7dx3ifl
2_none,4vzb61lp7dx3ifr
2_none,4vzb8szpuvl1xql
2_none,4vzb8szpuvl1xqr
2_none,4vzb8vppqp6rd1l
2_none,4vzb8vppqp6rd1r
2_none,4vzb8vsef7l98ql
2_none,4vzb8vsef7l98qr
2_none,4vzbbnyfa4asqpl
2_none,4vzbbnyfa4asqpr
2_none,4vzbecjhjsu2h9l
2_none,4vzbecjhjsu2h9r
2_none,4vzbh4bj7c72f6l
2_none,4vzbh4bj7c72f6r
2_none,4vzbh5k3dovitml
2_none,4vzbjyt92vlo8wl
2_none,4vzbjyt92vlo8wr
2_none,4vzbmon765uolml
2_none,4vzbmon765uolmr
2_none,4vzbpgez3ta3ggl
2_none,4vzbpgez3ta3ggr
2_none,4vzuvl2e5z0l58l
2_none,4vzuvl2e5z0l58r
2_none,4vzuyb9tnomnlwl
2_none,4vzuyb9tnomnlwr
2_none,4vzuydoytpud51l
2_none,4vzuydoytpud51r
2_none,4vzuydzxfmjbwml
2_none,4vzuydzxfmjbwmr
2_none,4vzuyee2j9n9jal
2_none,4vzuyee2j9n9jar
2_none,4vzv152nlxcgsrl
2_none,4vzv152nlxcgsrr
2_none,4vzv15s75njk05l
2_none,4vzv15s75njk05r
2_none,4vzv3webfdfhmsl
2_none,4vzv3webfdfhmsr
2_none,4vzv3x67qo622ql
2_none,4vzv3x67qo622qr
2_none,4vzv6nrubbn3t1l
2_none,4vzv6nrubbn3t1r
2_none,4vzv9fm6wddatdl
2_none,4vzv9fm6wddatdr
2_none,4vzv9hhjvko269l
2_none,4vzv9hhjvko269r
2_none,4vzvhpp2cbmjuol
2_none,4vzvhpp2cbmjuor
2_none,4vzvhstb8fx0r2l
2_none,4vzvhstb8fx0r2r
2_none,4w0enwaizfam82l
2_none,4w0enwaizfam82r
2_none,4w0eqmi8fwh890l
2_none,4w0eqmi8fwh890r
2_none,4w0eqnohqe232fl
2_none,4w0eqnohqe232fr
2_none,4w0f1qrt16jpj7l
2_none,4w0f1qrt16jpj7r
2_none,4w0f4hdnj336drl
2_none,4w0f4hdnj336drr
2_none,4w0f4i5pps99twl
2_none,4w0f4i5pps99twr
2_none,4w0f4im3pevm6cl
2_none,4w0f4im3pevm6cr
2_none,4w0f7apnrdrvnnl
2_none,4w0y7v1cvz1mvil
2_none,4w0y7v1cvz1mvir
2_none,4w0yajr94aqhogl
2_none,4w0yajr94aqhogr
2_none,4w0yakupgub091l
2_none,4w0yakupgub091r
2_none,4w0yamevuesxe2l
2_none,4w0yamevuesxe2r
2_none,4w0yg3m4x8v2f4l
2_none,4w0yg3m4x8v2f4r
2_none,4w0yg4gxu9qsjwl
2_none,4w0yg4gxu9qsjwr
2_none,4w0yixqlb19824l
2_none,4w0yixqlb19824r
2_none,4w0yixsw5i0ohyl
2_none,4w0yixsw5i0ohyr
2_none,4w0ylpi57k1loml
2_none,4w0ylpi57k1lomr
2_none,4w0yogw9sudjbfl
2_none,4w0yogw9sudjbfr
2_none,4w0yohobzjxn9ql
2_none,4w0yohobzjxn9qr
2_none,4w0yoi2f4fyi9tl
2_none,4w0yoi2f4fyi9tr
2_none,4w1hxbrg7qiuisl
2_none,4w1hxbrg7qiuisr
2_none,4w1i2tr3i4fjsyl
2_none,4w1i2tr3i4fjsyr
2_none,4w1i2tt8r5i0w0l
2_none,4w1i2tt8r5i0w0r
2_none,4w1i2uizoyrj0il
2_none,4w1i2uizoyrj0ir
2_none,4w1i2x8xmkzitjl
2_none,4w1i2x8xmkzitjr
2_none,4w1i5nv5yt8dftl
2_none,4w1i5nv5yt8dftr
2_none,4w1i5o953p3ymfl
2_none,4w1i5o953p3ymfr
2_none,4w1i5omsd9rrial
2_none,4w1i5omsd9rriar
2_none,4w1i5on458umm8l
2_none,4w1i5on458umm8r
2_none,4w1i5p0xd18gsil
2_none,4w1i5p0xd18gsir
2_none,4w1i8dd1zurb41l
2_none,4w1i8dd1zurb41r
2_none,4w1ib5gk45tl35l
2_none,4w1ib5gk45tl35r
2_none,4w1ib68aj76qrql
2_none,4w1ib68aj76qrqr
2_none,4w1idxaurawef8l
2_none,4w1idxaurawef8r
2_none,4w1ie0cay2iqddl
2_none,4w1ie0cay2iqddr
2_none,4w1igpe4z7pxxql
2_none,4w1igpe4z7pxxqr
2_none,4w1ijic27mq41zl
2_none,4w1ijic27mq41zr
2_none,4w1ijj40ds5qfbl
2_none,4w1ijj40ds5qfbr
2_none,4w21pk95iyq0wdl
2_none,4w21pk95iyq0wdr
2_none,4w21sed615sx72l
2_none,4w21sed615sx72r
2_none,4w21v7b3552g3tl
2_none,4w21v7b3552g3tr
2_none,4w21v7b73rkzy9l
2_none,4w21v7b73rkzy9r
2_none,4w21xyozt7f8jll
2_none,4w21xyozt7f8jlr
2_none,4w220oik6v2pe4l
2_none,4w220oik6v2pe4r
2_none,4w220qjoanjj7ul
2_none,4w220qjoanjj7ur
2_none,4w223gaztfvcazl
2_none,4w223gaztfvcazr
2_none,4w223h2i72gf0gl
2_none,4w223h2i72gf0gr
2_none,4w2266w8ha0j5ul
2_none,4w2266w8ha0j5ur
2_none,4w2267oing1jbal
2_none,4w2267oing1jbar
2_none,4w2267ookjgiknl
2_none,4w2267ookjgiknr
2_none,4w2269b7sfyccul
2_none,4w2269b7sfyccur
2_none,4w2269mq4dmpl7l
2_none,4w2269mq4dmpl7r
2_none,4w22908as83g95l
2_none,4w22908as83g95r
2_none,4w22bsuxftvrinl
2_none,4w22bsuxftvrinr
2_none,4w22btk71wumfel
2_none,4w22btk71wumfer
2_none,5bhptcey69i32el
2_none,5bhptcey69i32er
2_none,5bhptdzid1qxhdl
2_none,5bhptdzid1qxhdr
2_none,5bhq1o4mnvenlul
2_none,5bhq1o4mnvenlur
2_none,5bhq1prlqsdlahl
2_none,5bhq1prlqsdlahr
2_none,5bhqa08ecb50jxl
2_none,5bhqa08ecb50jxr
2_none,5bhqa08gbc0lj9l
2_none,5bhqa08gbc0lj9r
2_none,5bhqcsep2x43cwl
2_none,5bhqcsep2x43cwr
2_none,5bhqctybq6znkfl
2_none,5bhqctybq6znkfr
2_none,5bi9lo1dzc5mo3l
2_none,5bi9lo1dzc5mo3r
2_none,5bi9odv68aojk0l
2_none,5bi9odv68aojk0r
2_none,5bi9og9vov1e6gl
2_none,5bi9og9vov1e6gr
2_none,5bi9r5n41d8q2wl
2_none,5bi9r5n41d8q2wr
2_none,5bi9r7l3oe3dvnl
2_none,5bi9r7l3oe3dvnr
2_none,5bi9r7l3pi5yx0l
2_none,5bi9r7l3pi5yx0r
2_none,5bi9r8u1mafj0kl
2_none,5bi9r8u1mafj0kr
2_none,5bi9txsz2sfdhnl
2_none,5bi9txsz2sfdhnr
2_none,5bi9zh1g94n5kyl
2_none,5bi9zh1g94n5kyr
2_none,5bi9zk5f688c90l
2_none,5bi9zk5f688c90r
2_none,5bi9zkjadbiv45l
2_none,5bi9zkjadbiv45r
2_none,5bia28qhdyghs0l
2_none,5bia28qhdyghs0r
2_none,5bia2aof3c7uv6r
2_none,5bia2aokyrl3b6l
2_none,5bia2aokyrl3b6r
2_none,5bia2aoqx93mz3l
2_none,5bia2aoqx93mz3r
2_none,5bia52uhye5gr3l
2_none,5bia52uhye5gr3r
2_none,5bia7soa68onpdl
2_none,5bia7soa68onpdr
2_none,5bia7v39g0g364l
2_none,5bia7v39g0g364r
2_none,5bit8fbk9sncw7l
2_none,5bit8fbk9sncw7r
2_none,5bitb7vq8cdzpdl
2_none,5bitb7vq8cdzpdr
2_none,5bitgpvja9wc1wl
2_none,5bitgpvja9wc1wr
2_none,5bitgpxyi2i13el
2_none,5bitgpxyi2i13er
2_none,5bitgqnrj2mpkzl
2_none,5bitgqnrj2mpkzr
2_none,5bitjgh3xacu81l
2_none,5bitjgh3xacu81r
2_none,5bitozn2dv62v5l
2_none,5bitozn2dv62v5r
2_none,5bitp1l3wbbimdl
2_none,5bitp1l3wbbimdr
2_none,5bitrskzjsgx70l
2_none,5bitrskzjsgx70r
2_none,5bitrtrapzj476l
2_none,5bitrtrapzj476r
2_none,5bitxbcd1zkfesl
2_none,5bitxbcd1zkfesr
2_none,5bitxe2ypwr11dl
2_none,5bitxe2ypwr11dr
2_none,5bjcxx80rmjh8ol
2_none,5bjcxx80rmjh8or
2_none,5bjcxy2toni1orl
2_none,5bjcxy2toni1orr
2_none,5bjd0mnrvabuo2l
2_none,5bjd0mnrvabuo2r
2_none,5bjd0ntpardssgl
2_none,5bjd0ntpardssgr
2_none,5bjd0p2r7a5r7rl
2_none,5bjd0p2r7a5r7rr
2_none,5bjd0pe7jwaxael
2_none,5bjd0pe7jwaxaer
2_none,5bjd685r0l6vpfl
2_none,5bjd685r0l6vpfr
2_none,5bjdbqjjafttdul
2_none,5bjdbqjjafttdur
2_none,5bjdbrb7rtpp8kl
2_none,5bjdbrb7rtpp8kr
2_none,5bjdhb9ga4rx8gl
2_none,5bjdhb9ga4rx8gr
2_none,5bjdmv9fytay9sl
2_none,5bjdmv9fytay9sr
2_none,5bjwnd8ollyya5l
2_none,5bjwnd8ollyya5r
2_none,5bjwnfw7lp7myyl
2_none,5bjwnfw7lp7myyr
2_none,5bjwq646wsal1dl
2_none,5bjwq646wsal1dr
2_none,5bjwq6hy5j962wl
2_none,5bjwq6hy5j962wr
2_none,5bjwq7ac65nk7hl
2_none,5bjwq7ac65nk7hr
2_none,5bjwq7o7fr47ial
2_none,5bjwq7o7fr47iar
2_none,5bjwswpnkcxptvl
2_none,5bjwswpnkcxptvr
2_none,5bjwswppjxpnnll
2_none,5bjwswppjxpnnlr
2_none,5bjwsynx3365tyl
2_none,5bjwsynx3365tyr
2_none,5bjwvpnwk6c64ul
2_none,5bjwvpnwk6c64ur
2_none,5bjwvqfuwpv4lfl
2_none,5bjwvqfuwpv4lfr
2_none,5bjwvrly865a81l
2_none,5bjwvrly865a81r
2_none,5bjwygnm95z3t2l
2_none,5bjwygnm95z3t2r
2_none,5bjwygqaysu8sil
2_none,5bjwygqaysu8sir
2_none,5bjwyian78nairl
2_none,5bjwyian78nairr
2_none,5bjx1983yuv4ssl
2_none,5bjx1983yuv4ssr
2_none,5bjx6rl4n41t6tl
2_none,5bjx6rl4n41t6tr
2_none,5bjx6ro37vw35tl
2_none,5bjx6ro37vw35tr
2_none,5bjx6v5zd1x5oll
2_none,5bjx6v5zd1x5olr
2_none,5bjx9kxmmp0t1dl
2_none,5bjx9kxmmp0t1dr
2_none,5bjxcbx4eglr7ol
2_none,5bjxcbx4eglr7or
2_none,5bjxccb7gum1vql
2_none,5bjxccb7gum1vqr
2_none,5bjxce9ez5y70ll
2_none,5bjxce9ez5y70lr
2_none,5bkgcvgbmajmkql
2_none,5bkgcvgbmajmkqr
2_none,5bkgcxsm4hvi88l
2_none,5bkgcxsm4hvi88r
2_none,5bkgfp6ks54h6xl
2_none,5bkgfp6ks54h6xr
2_none,5bkgig913kjy0zl
2_none,5bkgig913kjy0zr
2_none,5bkgihq51wydcdl
2_none,5bkgihq51wydcdr
2_none,5bkgl6rv3vnqj0l
2_none,5bkgl6rv3vnqj0r
2_none,5bkgl8q4kdsiddl
2_none,5bkgl8q4kdsiddr
2_none,5bkglaa50vf1ttl
2_none,5bkglaa50vf1ttr
2_none,5bkgnyk2p1y1vol
2_none,5bkgnyk2p1y1vor
2_none,5bkgnyxxwza2v7l
2_none,5bkgnyxxwza2v7r
2_none,5bkgo0vzironial
2_none,5bkgo0vzironiar
2_none,5bkgo1ohks3kedl
2_none,5bkgo1ohks3kedr
2_none,5bkgtlac3bns3ql
2_none,5bkgtlac3bns3qr
2_none,5bkgz1pwvf6bk1l
2_none,5bkgz1pwvf6bk1r
2_none,5bkgz2fgdho7bbl
2_none,5bkgz2fgdho7bbr
2_none,5bkgz3zgt4xxxel
2_none,5bkgz3zgt4xxxer
2_none,5bkh1ulbah5n2cl
2_none,5bkh1ulbah5n2cr
2_none,5bkh1uo5wcufibl
2_none,5bkh1uo5wcufibr
2_none,5bl07xoe2tdhxel
2_none,5bl07xoe2tdhxer
2_none,5bl07z8odw4aval
2_none,5bl07z8odw4avar
2_none,5bl07z8oefzc3rl
2_none,5bl07z8oefzc3rr
2_none,5bl0as6jlbtg5cl
2_none,5bl0as6jlbtg5cr
2_none,5bl0askepxpuddl
2_none,5bl0askepxpuddr
2_none,5bl0dguahayps8l
2_none,5bl0dguahayps8r
2_none,5bl0ga64rylxqal
2_none,5bl0ga64rylxqar
2_none,5bl0j1my3fuzgml
2_none,5bl0j1my3fuzgmr
2_none,5bl0j2pwwgmtjdl
2_none,5bl0j2pwwgmtjdr
2_none,5bl0lukraggnwml
2_none,5bl0lukraggnwmr
2_none,5bl0lva4thux3hl
2_none,5bl0lva4thux3hr
2_none,5bl0ojy1m04pokl
2_none,5bl0ojy1m04pokr
2_none,5bl0omobcyy2o2l
2_none,5bl0omobcyy2o2r
2_none,5bl0rchhyjl1c6l
2_none,5bl0rchhyjl1c6r
2_none,5bl0reg78z20hwl
2_none,5bl0reg78z20hwr
2_none,5bl0retomk99fnl
2_none,5bl0retomk99fnr
2_none,5bljrw1aqg3eh0l
2_none,5bljrw1aqg3eh0r
2_none,5bljrwfbvh2uitl
2_none,5bljrwfbvh2uitr
2_none,5bljrwst7ylk3kl
2_none,5bljrwst7ylk3kr
2_none,5bljrx9f53yqkvl
2_none,5bljrx9f53yqkvr
2_none,5bljunvdik7keel
2_none,5bljunvdik7keer
2_none,5bljuokwz8onwtl
2_none,5bljuokwz8onwtr
2_none,5bljxh4n31z56yl
2_none,5bljxh4n31z56yr
2_none,5blk07ez72gbgml
2_none,5blk07ez72gbgmr
2_none,5blk09rfpoy0atl
2_none,5blk09rfpoy0atr
2_none,5blk31h0ozr8chl
2_none,5blk31h0ozr8chr
2_none,5blk5tpcen51j5l
2_none,5blk5tpcen51j5r
2_none,5blk5ues01ctfql
2_none,5blk8m6ht43ax5l
2_none,5blk8m6ht43ax5r
2_none,5blk8m6xool0xwl
2_none,5blk8m6xool0xwr
2_none,5blkbag5p7bn61l
2_none,5blkbag5p7bn61r
2_none,5blkbb87vmurk2l
2_none,5blkbb87vmurk2r
2_none,5blkbdy5r1h81tl
2_none,5blkbdy5r1h81tr
2_none,5blke4jy9w1qf6l
2_none,5blke4jy9w1qf6r
2_none,5blke513uukd1el
2_none,5blke513uukd1er
2_none,5blkgudoippblwl
2_none,5blkgudoippblwr
2_none,5blkgx4g36ir5xl
2_none,5blkgx4g36ir5xr
2_none,5bm3hfh23kpjb6l
2_none,5bm3hfh23kpjb6r
2_none,5bm3hfhnsmx346l
2_none,5bm3hfhnsmx346r
2_none,5bm3k65p6o375tl
2_none,5bm3k65p6o375tr
2_none,5bm3k8te8aak23l
2_none,5bm3k8te8aak23r
2_none,5bm3k975e9hddxl
2_none,5bm3k975e9hddxr
2_none,5bm3ppn5ymljbgl
2_none,5bm3ppn5ymljbgr
2_none,5bm3pqesgf1i4tl
2_none,5bm3pqesgf1i4tr
2_none,5bm3pqt9ckjm69l
2_none,5bm3pqt9ckjm69r
2_none,5bm3siyue4jw95l
2_none,5bm3siyue4jw95r
2_none,5bm3v96pph8r2gl
2_none,5bm3v96pph8r2gr
2_none,5bm40twiq9n9qfl
2_none,5bm40twiq9n9qfr
2_none,5bm40uanq0spvtl
2_none,5bm40uanq0spvtr
2_none,5bm40vuw3qmuwwl
2_none,5bm40vuw3qmuwwr
2_none,5bm40w8fhhpzpel
2_none,5bm40w8fhhpzper
2_none,5bm43lcq9ch0qsl
2_none,5bm43lcq9ch0qsr
2_none,5bm46dgecpf2m9l
2_none,5bm46dgecpf2m9r
2_none,5bmn6xdepkk2ytl
2_none,5bmn6xdepkk2ytr
2_none,5bmn6yjnye7cp1l
2_none,5bmn6yjnye7cp1r
2_none,5bmn703sc39q83l
2_none,5bmn703sc39q83r
2_none,5bmn9p5u60xrlvl
2_none,5bmn9p5u60xrlvr
2_none,5bmncgxe5ch343l
2_none,5bmncgxe5ch343r
2_none,5bmncgxi3ondvrl
2_none,5bmncgxi3ondvrr
2_none,5bmnchpeg2ekgal
2_none,5bmnchpeg2ekgar
2_none,5bmnf8pntpcnpnl
2_none,5bmnf8pntpcnpnr
2_none,5bmni2eziiwzdbl
2_none,5bmni2eziiwzdbr
2_none,5bmnksbchxyxaal
2_none,5bmnksbchxyxaar
2_none,5bmnktf6x4sfeql
2_none,5bmnktf6x4sfeqr
2_none,5bmnktsw74nymbl
2_none,5bmnktsw74nymbr
2_none,5bmnkulc72ftokl
2_none,5bmnkulc72ftokr
2_none,5bmnt2swrjukn6l
2_none,5bmnt2swrjukn6r
2_none,5bmnt2vbmapjill
2_none,5bmnt2vbmapjilr
2_none,5bmnt5z8kmsa30l
2_none,5bmnt5z8kmsa30r
2_none,5bmnt6auxyo0sol
2_none,5bmnt6auxyo0sor
2_none,5bmnvukcsil3pil
2_none,5bmnvukcsil3pir
2_none,5bmnvuytoobksol
2_none,5bmnvuytoobksor
2_none,5bmnvwiw3mt62pl
2_none,5bmnvwiw3mt62pr
2_none,5bmnvxorjj1on8l
2_none,5bmnvxorjj1on8r
2_none,5fdv7du1diw0lql
2_none,5fdv7du1diw0lqr
2_none,5fdv7em7k8r0nbl
2_none,5fdv7em7k8r0nbr
2_none,5fdv7fscvk9l38l
2_none,5fdv7fscvk9l38r
2_none,5fdv7gkb47wv7ml
2_none,5fdv7gkb47wv7mr
2_none,5fdva7y3wfen0hl
2_none,5fdva7y3wfen0hr
2_none,5fdvcwztyyeha9l
2_none,5fdvcwztyyeha9r
2_none,5fdvfpxn41fnk0l
2_none,5fdvfpxn41fnk0r
2_none,5fdvfpy306dgcgl
2_none,5fdviheaj8ypdxl
2_none,5fdviheaj8ypdxr
2_none,5fdvijad1p4oowl
2_none,5fdvijad1p4oowr
2_none,5fdvl93fn9dyx0l
2_none,5fdvl93fn9dyx0r
2_none,5fdvo03l2tpvd4r
3_big_round,3xvzu5f11c7r
3_big_round,4vxnysjqe0ufbil
3_big_round,4vxnysjqe0ufbir
3_big_round,4w0ytyvp37wtfkl
3_big_round,4w0ytyvp37wtfkr
3_big_round,4w0ytz9m9mglqcl
3_big_round,4w0ytz9m9mglqcr
3_big_round,4w1ib5ge6imf4cl
3_big_round,4w1ib5ge6imf4cr
3_big_round,5bl07y5dmsbll1l
3_big_round,5bl07y5dmsbll1r
3_big_round,5bm3k797upn212l
3_big_round,5bm3k797upn212r
3_big_round,5bmni0xzj2whzhl
3_big_round,5bmni0xzj2whzhr
4_square,3v5edhuuvpqr
4_square,3xxxtt9uha8l
4_square,3xxxtt9uha8r
4_square,4vxo1kawjkdreql
4_square,4vxo1kawjkdreqr
4_square,4vxo4cjw0mlnnml
4_square,4vxo4cjw0mlnnmr
4_square,4vxo4d91odh2wyl
4_square,4vxo4d91odh2wyr
4_square,4vxocmmhkl222pl
4_square,4vxocmmhkl222pr
4_square,4vxoff6vdltlhcl
4_square,4vxoff6vdltlhcr
4_square,4vxoi84eu6fnyal
4_square,4vxoi84eu6fnyar
4_square,4vxokz46gjeo74l
4_square,4vxokz46gjeo74r
4_square,4vy7wnb1861vd8l
4_square,4vy7wnb1861vd8r
4_square,4vy7zbyq6hzmrtl
4_square,4vy7zbyq6hzmrtr
4_square,4vy84xgnd1ueirl
4_square,4vy84xgnd1ueirr
4_square,4vy8ah0uurs0lfl
4_square,4vy8ah0uurs0lfr
4_square,4vy8d6uh318bnzl
4_square,4vy8d6uh318bnzr
4_square,4vy8d7mddhm2o5l
4_square,4vy8d7mddhm2o5r
4_square,4vy8d8elkmua6fl
4_square,4vy8d8elkmua6fr
4_square,4vyrm4taqdmxaml
4_square,4vyrm4taqdmxamr
4_square,4vzbbljg2ufm6ll
4_square,4vzbbljg2ufm6lr
4_square,4vzbedpms2sefjl
4_square,4vzbedpms2sefjr
4_square,4vzbpfmsuliqypl
4_square,4vzbpfmsuliqypr
4_square,4vzbpirjijswspl
4_square,4vzbpirjijswspr
4_square,4vzvhs19029qf5l
4_square,4vzvhs19029qf5r
4_square,4w0eibyn6f6s5hl
4_square,4w0eibyn6f6s5hr
4_square,4w0etdynxvda13l
4_square,4w0etdynxvda13r
4_square,4w0f77za2wmscsl
4_square,4w0f77za2wmscsr
4_square,4w0y7upgqjsavfl
4_square,4w0y7upgqjsavfr
4_square,4w0y7v1ax7j47il
4_square,4w0y7v1ax7j47ir
4_square,4w0yiw6euenbpnl
4_square,4w0yiw6euenbpnr
4_square,4w0yiw6gr84gsml
4_square,4w0yiw6gr84gsmr
4_square,4w0yixcg7e6m84l
4_square,4w0yixcg7e6m84r
4_square,4w1i2tr3esg5qcl
4_square,4w1i2tr3esg5qcr
4_square,4w1i2wgvhj7coxl
4_square,4w1i2wgvhj7coxr
4_square,4w1i5nuq3i7x1il
4_square,4w1i5nuq3i7x1ir
4_square,4w1i8fmxskutc6l
4_square,4w1i8fmxskutc6r
4_square,4w1idy36whknwgl
4_square,4w1idy36whknwgr
4_square,4w1ijipzdh998kl
4_square,4w1ijipzdh998kr
4_square,4w21mu48pwacjkl
4_square,4w21mu48pwacjkr
4_square,4w21v3sr6cntool
4_square,4w21v3sr6cntoor
4_square,4w21xwr85cqrr9l
4_square,4w21xwr85cqrr9r
4_square,4w2266ws99f8r2l
4_square,4w2266ws99f8r2r
4_square,4w2290b1fhxl3bl
4_square,4w2290b1fhxl3br
4_square,5bhpw5d553smx4l
4_square,5bhpw5d553smx4r
4_square,5bhpw5r0dlhvrdl
4_square,5bhpw5r0dlhvrdr
4_square,5bhq4fipb8maz2l
4_square,5bhq4fipb8maz2r
4_square,5bhqcqgdp1g8aol
4_square,5bhqcqgdp1g8aor
4_square,5bhqcse7bnc2djl
4_square,5bhqcse7bnc2djr
4_square,5bi9iup9tilj4dl
4_square,5bi9iup9tilj4dr
4_square,5bi9og712ev284l
4_square,5bi9og712ev284r
4_square,5bi9u0x7w59ddzl
4_square,5bi9u0x7w59ddzr
4_square,5bia2b2o15qznrl
4_square,5bia2b2o15qznrr
4_square,5bia7tgae7iccnl
4_square,5bia7tgae7iccnr
4_square,5bia7u8sghy5msl
4_square,5bia7u8sghy5msr
4_square,5bitdxs377cmbrl
4_square,5bitdxs377cmbrr
4_square,5bitgqnfolultxl
4_square,5bitgqnfolultxr
4_square,5bitm9t63sdwqql
4_square,5bitm9t63sdwqqr
4_square,5bitp03o5qjz0nl
4_square,5bitp03o5qjz0nr
4_square,5bitrtqqyuimf8l
4_square,5bitrtqqyuimf8r
4_square,5bitujn7w17zt4l
4_square,5bitujn7w17zt4r
4_square,5bjcxuyoona3gnl
4_square,5bjcxuyoona3gnr
4_square,5bjcxwijcrc54wl
4_square,5bjcxwijcrc54wr
4_square,5bjd8xz7fcvv9cl
4_square,5bjd8xz7fcvv9cr
4_square,5bjdha36ytdurml
4_square,5bjdha36ytdurmr
4_square,5bjdhchyeegnb5l
4_square,5bjdhchyeegnb5r
4_square,5bjdmwd6e01zikl
4_square,5bjdmwd6e01zikr
4_square,5bjwq5c2qhnabsl
4_square,5bjwq5c2qhnabsr
4_square,5bjwvqfqxtpog3l
4_square,5bjwvqfqxtpog3r
4_square,5bjwyga0vk1j41l
4_square,5bjwyga0vk1j41r
4_square,5bkgcvwxefyh3cl
4_square,5bkgcvwxefyh3cr
4_square,5bkgl6rx18j0gal
4_square,5bkgl6rx18j0gar
4_square,5bkgqqskcmo7wnl
4_square,5bkgqqskcmo7wnr
4_square,5bl02g2q038hsbl
4_square,5bl02g2q038hsbr
4_square,5bl0572rejci6fl
4_square,5bl0572rejci6fr
4_square,5bl058bbmtmtc4l
4_square,5bl058bbmtmtc4r
4_square,5bl0asnd9vjwuel
4_square,5bl0asnd9vjwuer
4_square,5bl0dhm2slczk4l
4_square,5bl0dhm2slczk4r
4_square,5bl0gbqf599eyol
4_square,5bl0gbqf599eyor
4_square,5bl0j2bxr17e32l
4_square,5bl0j2bxr17e32r
4_square,5bl0lsjz0kyf41l
4_square,5bl0lsjz0kyf41r
4_square,5bljxfkojxsydml
4_square,5bljxfkojxsydmr
4_square,5blk084onch69tl
4_square,5blk084onch69tr
4_square,5blk2zi9g3az9jl
4_square,5blk2zi9g3az9jr
4_square,5blk8luxhlfy12l
4_square,5blk8luxhlfy12r
4_square,5blkgw0jlwo7pdl
4_square,5blkgw0jlwo7pdr
4_square,5bmn9rvq6u1c01l
4_square,5bmn9rvq6u1c01r
4_square,5bmnchpah6ak20l
4_square,5bmnchpah6ak20r
4_square,5bmnf8e1j5l91gl
4_square,5bmnf8e1j5l91gr
4_square,5bmnfanbm9xg5ql
4_square,5bmnfanbm9xg5qr
4_square,5fdv7g6e159oull
4_square,5fdv7g6e159oulr
4_square,5fdva5840waqytl
4_square,5fdva5840waqytr
4_square,5fdvl808x980e8l
4_square,5fdvl808x980e8r
4_square,5fdvlb210fuxvll
4_square,5fdvlb210fuxvlr
5_right_round,4vy7r115ux93wgr
5_right_round,4vy7r1t44eearzr
5_right_round,4vy7tv5c9nummjl
5_right_round,4vy7tv5c9nummjr
5_right_round,4vy823qlzps7i8l
5_right_round,4vy823qlzps7i8r
5_right_round,4vyrdt6isux4p1l
5_right_round,4vyrdt6isux4p1r
5_right_round,4vyrdthnbkknb4l
5_right_round,4vyrdthnbkknb4r
5_right_round,4vyrdtvqc0teyol
5_right_round,4vyrdtvqc0teyor
5_right_round,4vyrm4tojlgohtl
5_right_round,4vyrm4tojlgohtr
5_right_round,4vyrudsvhzsdmul
5_right_round,4vyrudsvhzsdmur
5_right_round,4vyrugxi5ybbwrl
5_right_round,4vyrugxi5ybbwrr
5_right_round,4vys2pzk3k6dj7l
5_right_round,4vys2pzk3k6dj7r
5_right_round,4vys2rusqtuqksl
5_right_round,4vys2rusqtuqksr
5_right_round,4vzbpg0xwk9o1yl
5_right_round,4vzbpg0xwk9o1yr
5_right_round,4vzussie3efbwql
5_right_round,4vzussie3efbwqr
5_right_round,4vzuvluag5iznyl
5_right_round,4vzuvluag5iznyr
5_right_round,4vzuyavwi3yvwul
5_right_round,4vzuyavwi3yvwur
5_right_round,4vzvc7bjxlt4oxl
5_right_round,4vzvc7bjxlt4oxr
5_right_round,4vzvc99jkczeval
5_right_round,4vzvc99jkczevar
5_right_round,4vzveyb5r1fitpl
5_right_round,4vzveyb5r1fitpr
5_right_round,4w0entk5c1zocnl
5_right_round,4w0entk5c1zocnr
5_right_round,4w0enucfga6d55l
5_right_round,4w0enucfga6d55r
5_right_round,4w0enwa94jk9hol
5_right_round,4w0enwa94jk9hor
5_right_round,4w0eqo4prtmcxzl
5_right_round,4w0eqo4prtmcxzr
5_right_round,4w0f1qrp2udedkl
5_right_round,4w0f1qrp2udedkr
5_right_round,4w0f4hdhnd5b7ol
5_right_round,4w0f4hdhnd5b7or
5_right_round,4w0yalmxl7j3lvl
5_right_round,4w0yalmxl7j3lvr
5_right_round,4w0yde6ft68q9sl
5_right_round,4w0yde6ft68q9sr
5_right_round,4w0yiv07kbp2pxl
5_right_round,4w0yiv07kbp2pxr
5_right_round,4w0yive6ntih3dl
5_right_round,4w0yive6ntih3dr
5_right_round,4w0ylosvmb9wxvl
5_right_round,4w0ylosvmb9wxvr
5_right_round,4w0yofpuljbz7wl
5_right_round,4w0yofpuljbz7wr
5_right_round,4w0yog43latm2xl
5_right_round,4w0yog43latm2xr
5_right_round,4w0yr91ys6nrbhl
5_right_round,4w0yr91ys6nrbhr
5_right_round,4w0yr94zb5kkr1l
5_right_round,4w0yr94zb5kkr1r
5_right_round,4w1i2w5f3j5kasl
5_right_round,4w1i2w5f3j5kasr
5_right_round,4w1i5n33nxkh6pl
5_right_round,4w1i5n33nxkh6pr
5_right_round,4w1i8dan99q96ol
5_right_round,4w1i8dan99q96or
5_right_round,4w1igqk69yyf4fl
5_right_round,4w1igqk69yyf4fr
5_right_round,4w1ijiszvwf7rfl
5_right_round,4w1ijiszvwf7rfr
5_right_round,4w21v4l3b9qhoml
5_right_round,4w21v4l3b9qhomr
5_right_round,4w21v5crorgumnl
5_right_round,4w21v5crorgumnr
5_right_round,4w21xx7rzumux2l
5_right_round,4w21xx7rzumux2r
5_right_round,4w220ncqr40sgel
5_right_round,4w220ncqr40sger
5_right_round,4w223gaxt0yyo5l
5_right_round,4w223gaxt0yyo5r
5_right_round,4w22908im4wphrl
5_right_round,4w22908im4wphrr
5_right_round,4w22bs0agpwvevl
5_right_round,4w22bs0agpwvevr
5_right_round,5bhpw6xdjniozrl
5_right_round,5bhpw6xdjniozrr
5_right_round,5bhpyx54z64n4el
5_right_round,5bhpyx54z64n4er
5_right_round,5bhq4hgqyobxtxl
5_right_round,5bhq4hgqyobxtxr
5_right_round,5bhq4hgsxfj7rel
5_right_round,5bhq4hgsxfj7rer
5_right_round,5bhq9z27502m10l
5_right_round,5bhq9z27502m10r
5_right_round,5bhqfjs3zp6k1ul
5_right_round,5bhqfjs3zp6k1ur
5_right_round,5bhqfjsduavw8zl
5_right_round,5bhqfjsduavw8zr
5_right_round,5bi9ivxztmv4lel
5_right_round,5bi9ivxztmv4ler
5_right_round,5bi9iwnr9hl7utl
5_right_round,5bi9iwnr9hl7utr
5_right_round,5bitma778jawp2l
5_right_round,5bitma778jawp2r
5_right_round,5bitru4s2h7f2ml
5_right_round,5bitru4s2h7f2mr
5_right_round,5bitru57wduh35l
5_right_round,5bitru57wduh35r
5_right_round,5bjcxy04x382ktl
5_right_round,5bjcxy04x382ktr
5_right_round,5bjd8xzde45m2ul
5_right_round,5bjd8xzde45m2ur
5_right_round,5bjdbrpqlwsvlsl
5_right_round,5bjdbrpqlwsvlsr
5_right_round,5bjdhbmzlnlmh7l
5_right_round,5bjdhbmzlnlmh7r
5_right_round,5bjdmt8lpwlu6gl
5_right_round,5bjdmt8lpwlu6gr
5_right_round,5bjwnd5zvz9erol
5_right_round,5bjwnd5zvz9eror
5_right_round,5bjwsz1u6pocnil
5_right_round,5bjwsz1u6pocnir
5_right_round,5bjx19803a3x1fl
5_right_round,5bjx19803a3x1fr
5_right_round,5bjx9kxqk7dx56l
5_right_round,5bjx9kxqk7dx56r
5_right_round,5bkgfp68zwda8el
5_right_round,5bkgfp68zwda8er
5_right_round,5bkgifek3hot1jl
5_right_round,5bkgifek3hot1jr
5_right_round,5bkgqqbumf6upvl
5_right_round,5bkgqqbumf6upvr
5_right_round,5bkgwbfulgkwlll
5_right_round,5bkgwbfulgkwllr
5_right_round,5bl080efw9u491l
5_right_round,5bl080efw9u491r
5_right_round,5bl0aqm7ao3lkyl
5_right_round,5bl0aqm7ao3lkyr
5_right_round,5bl0j3i527ls79l
5_right_round,5bl0j3i527ls79r
5_right_round,5bl0lvczfn84cll
5_right_round,5bl0lvczfn84clr
5_right_round,5bl0oksin6n0g6l
5_right_round,5bl0oksin6n0g6r
5_right_round,5bl0rewj5oesy3l
5_right_round,5bl0rewj5oesy3r
5_right_round,5bljrx70bqqhvpl
5_right_round,5bljrx70bqqhvpr
5_right_round,5blk08ihuusl52l
5_right_round,5blk08ihuusl52r
5_right_round,5bm3k7ncw4u8zsl
5_right_round,5bm3k7ncw4u8zsr
5_right_round,5bm3k7nir0jfgml
5_right_round,5bm3k7nir0jfgmr
5_right_round,5bm3vcaqodfxfkl
5_right_round,5bm3vcaqodfxfkr
5_right_round,5bm3y0ylhkxc02l
5_right_round,5bm3y0ylhkxc02r
5_right_round,5bm46f0csh9blsl
5_right_round,5bm46f0csh9blsr
5_right_round,5bmn9pxaoivksgl
5_right_round,5bmn9pxaoivksgr
5_right_round,5bmnksn4qezy85l
5_right_round,5bmnksn4qezy85r
5_right_round,5bmnktt81lk9hpl
5_right_round,5bmnktt81lk9hpr
5_right_round,5bmnvwicdltt6ol
5_right_round,5bmnvwicdltt6or
5_right_round,5fdvfornqdba4kl
5_right_round,5fdvfornqdba4kr
5_right_round,5fdvfpy306dgcgr
5_right_round,5fdvo1npiqta81l
5_right_round,5fdvo1npiqta81r
5_right_round,5fdvo21mn7r1mrl
5_right_round,5fdvo21mn7r1mrr
5_right_round,5fdvqrk6f4g7bcl
5_right_round,5fdvqrk6f4g7bcr
